{
  "project_info": {
    "project_number": "577373418650",
    "project_id": "namaz-bf077",
    "storage_bucket": "namaz-bf077.appspot.com"
  },
  "client": [
    {
      "client_info": {
        "mobilesdk_app_id": "1:577373418650:android:b3de36641ffaa09b025b23",
        "android_client_info": {
          "package_name": "com.sbsoftwareltd.namazshikha"
        }
      },
      "oauth_client": [],
      "api_key": [
        {
          "current_key": "AIzaSyALkGIJTRzc2JTjqeRTEb6WDfDpKOqvUMQ"
        }
      ],
      "services": {
        "appinvite_service": {
          "other_platform_oauth_client": []
        }
      }
    }
  ],
  "configuration_version": "1"
}