{"v":"5.6.5","fr":30,"ip":0,"op":155,"w":2640,"h":2016,"nm":"ÃÂ½ÃÂ°ÃÂ¼ÃÂ°ÃÂ·","ddd":0,"assets":[],"layers":[{"ddd":0,"ind":1,"ty":4,"nm":"arafatka","parent":9,"sr":1,"ks":{"o":{"a":0,"k":100,"ix":11},"r":{"a":0,"k":0,"ix":10},"p":{"a":0,"k":[52.51,289.112,0],"ix":2},"a":{"a":0,"k":[86.659,295.472,0],"ix":1},"s":{"a":0,"k":[100,100,100],"ix":6}},"ao":0,"shapes":[{"ty":"gr","it":[{"ind":0,"ty":"sh","ix":1,"ks":{"a":0,"k":{"i":[[-6.034,-0.252],[0,0],[0.252,-6.034],[6.033,0.252],[0,0],[-0.253,6.033]],"o":[[0,0],[6.033,0.252],[-0.252,6.033],[0,0],[-6.033,-0.252],[0.252,-6.034]],"v":[[-105.115,-15.339],[106.03,-6.51],[116.497,4.871],[105.116,15.339],[-106.029,6.51],[-116.496,-4.871]],"c":true},"ix":2},"nm":"Path 1","mn":"ADBE Vector Shape - Group","hd":false},{"ty":"fl","c":{"a":0,"k":[0.26699999641,0.26699999641,0.26699999641,1],"ix":4},"o":{"a":0,"k":100,"ix":5},"r":1,"bm":0,"nm":"Fill 1","mn":"ADBE Vector Graphic - Fill","hd":false},{"ty":"tr","p":{"a":0,"k":[138.65,80.824],"ix":2},"a":{"a":0,"k":[0,0],"ix":1},"s":{"a":0,"k":[100,100],"ix":3},"r":{"a":0,"k":0,"ix":6},"o":{"a":0,"k":100,"ix":7},"sk":{"a":0,"k":0,"ix":4},"sa":{"a":0,"k":0,"ix":5},"nm":"Transform"}],"nm":"Group 1","np":2,"cix":2,"bm":0,"ix":1,"mn":"ADBE Vector Group","hd":false},{"ty":"gr","it":[{"ind":0,"ty":"sh","ix":1,"ks":{"a":0,"k":{"i":[[15.238,-0.396],[19.577,-18.814],[7.004,-16.428],[4.423,-17.302],[3.429,-27.679],[-0.57,-20.086],[-25.243,7.796],[-7.581,5.915],[-3.539,8.941],[0.121,8.733],[0.595,8.713],[-1.446,6.431],[-5.234,4.007],[-4.075,1.815],[-2.651,3.588],[-0.627,2.726],[-0.313,2.779],[-0.812,2.678],[-1.955,2.002],[-2.828,0.691],[-2.887,-0.376],[-5.56,-1.728],[-14.119,2.992],[4.563,13.595],[6.896,8.849],[14.053,5.909]],"o":[[-27.142,0.706],[-12.876,12.375],[-7.004,16.428],[-6.908,27.023],[-2.471,19.942],[23.598,11.878],[9.187,-2.837],[7.582,-5.915],[3.215,-8.121],[-0.122,-8.733],[-0.45,-6.577],[1.446,-6.431],[3.543,-2.711],[4.075,-1.816],[1.662,-2.251],[0.628,-2.727],[0.314,-2.78],[0.813,-2.676],[2.033,-2.083],[2.828,-0.691],[5.774,0.751],[13.783,4.283],[0.277,-14.337],[-3.57,-10.635],[-9.37,-12.024],[-14.052,-5.908]],"v":[[18.114,-140.659],[-55.657,-110.73],[-84.964,-66.314],[-101.079,-15.276],[-117.745,66.661],[-120.601,126.818],[-43.536,133.258],[-17.92,120.344],[-0.515,97.765],[3.463,72.036],[1.654,45.903],[2.493,26.216],[12.373,9.549],[24.251,3.461],[35.065,-4.162],[38.359,-11.817],[39.567,-20.117],[41.057,-28.365],[45.11,-35.622],[52.664,-39.776],[61.341,-40.116],[78.109,-35.326],[120.894,-33.345],[114.401,-75.66],[98.896,-105.35],[62.779,-132.588]],"c":true},"ix":2},"nm":"Path 1","mn":"ADBE Vector Shape - Group","hd":false},{"ty":"fl","c":{"a":0,"k":[0.885999971278,0.885999971278,0.885999971278,1],"ix":4},"o":{"a":0,"k":100,"ix":5},"r":1,"bm":0,"nm":"Fill 1","mn":"ADBE Vector Graphic - Fill","hd":false},{"ty":"tr","p":{"a":0,"k":[121.422,141.305],"ix":2},"a":{"a":0,"k":[0,0],"ix":1},"s":{"a":0,"k":[100,100],"ix":3},"r":{"a":0,"k":0,"ix":6},"o":{"a":0,"k":100,"ix":7},"sk":{"a":0,"k":0,"ix":4},"sa":{"a":0,"k":0,"ix":5},"nm":"Transform"}],"nm":"Group 2","np":2,"cix":2,"bm":0,"ix":2,"mn":"ADBE Vector Group","hd":false}],"ip":0,"op":776,"st":0,"bm":0},{"ddd":0,"ind":2,"ty":4,"nm":"forearm","parent":4,"sr":1,"ks":{"o":{"a":0,"k":100,"ix":11},"r":{"a":1,"k":[{"i":{"x":[0.667],"y":[1]},"o":{"x":[0.333],"y":[0]},"t":0,"s":[8.433]},{"i":{"x":[0.667],"y":[1]},"o":{"x":[0.333],"y":[0]},"t":24.318,"s":[-19.301]},{"i":{"x":[0.667],"y":[1]},"o":{"x":[0.333],"y":[0]},"t":56,"s":[-19.301]},{"t":86.193359375,"s":[8.433]}],"ix":10},"p":{"a":0,"k":[85.821,398.502,0],"ix":2},"a":{"a":0,"k":[62.888,75.784,0],"ix":1},"s":{"a":0,"k":[100,100,100],"ix":6}},"ao":0,"shapes":[{"ty":"gr","it":[{"ind":0,"ty":"sh","ix":1,"ks":{"a":0,"k":{"i":[[30.119,-17.265],[78.844,31.306],[15.336,13.888],[4.695,9.218],[-0.163,10.343],[-7.74,10.492],[-11.691,5.772],[-26.022,-1.697],[-76.453,-30.879]],"o":[[-84.83,0.515],[-19.229,-7.635],[-7.668,-6.943],[-4.696,-9.218],[0.205,-13.037],[7.741,-10.493],[23.383,-11.544],[82.278,5.369],[24.483,38.217]],"v":[[185.152,99.704],[-140.774,58.39],[-194.471,27.946],[-213.476,3.629],[-220.721,-26.233],[-207.968,-62.55],[-177.962,-87.061],[-101.493,-98.522],[196.4,-11.847]],"c":true},"ix":2},"nm":"Path 1","mn":"ADBE Vector Shape - Group","hd":false},{"ty":"fl","c":{"a":0,"k":[0.885999971278,0.885999971278,0.885999971278,1],"ix":4},"o":{"a":0,"k":100,"ix":5},"r":1,"bm":0,"nm":"Fill 1","mn":"ADBE Vector Graphic - Fill","hd":false},{"ty":"tr","p":{"a":0,"k":[221.133,100.469],"ix":2},"a":{"a":0,"k":[0,0],"ix":1},"s":{"a":0,"k":[100,100],"ix":3},"r":{"a":0,"k":0,"ix":6},"o":{"a":0,"k":100,"ix":7},"sk":{"a":0,"k":0,"ix":4},"sa":{"a":0,"k":0,"ix":5},"nm":"Transform"}],"nm":"Group 1","np":2,"cix":2,"bm":0,"ix":1,"mn":"ADBE Vector Group","hd":false}],"ip":0,"op":776,"st":0,"bm":0},{"ddd":0,"ind":3,"ty":4,"nm":"hand","parent":2,"sr":1,"ks":{"o":{"a":0,"k":100,"ix":11},"r":{"a":1,"k":[{"i":{"x":[0.667],"y":[1]},"o":{"x":[0.333],"y":[0]},"t":0,"s":[0]},{"i":{"x":[0.667],"y":[1]},"o":{"x":[0.333],"y":[0]},"t":24.318,"s":[-21.69]},{"i":{"x":[0.667],"y":[1]},"o":{"x":[0.333],"y":[0]},"t":56,"s":[-21.69]},{"t":86.193359375,"s":[0]}],"ix":10},"p":{"a":0,"k":[407.051,150.166,0],"ix":2},"a":{"a":0,"k":[0.236,39.228,0],"ix":1},"s":{"a":0,"k":[100,100,100],"ix":6}},"ao":0,"shapes":[{"ty":"gr","it":[{"ind":0,"ty":"sh","ix":1,"ks":{"a":1,"k":[{"i":{"x":0.667,"y":1},"o":{"x":0.333,"y":0},"t":0,"s":[{"i":[[0,0],[-14.153,-4.485],[-13.132,-5.164],[-10.465,-13.564],[-5.715,-17.633],[0.011,-2.216],[0.39,-1.037],[0.829,-0.735],[1.712,0.019],[1.485,0.852],[2.235,2.594],[16.523,6.68],[17.611,2.74],[8.734,0.89]],"o":[[8.764,11.985],[13.452,4.263],[15.944,6.268],[11.323,14.676],[0.682,2.107],[-0.007,1.107],[-0.39,1.037],[-1.28,1.136],[-1.712,-0.019],[-2.971,-1.703],[-11.636,-13.5],[-16.524,-6.68],[-8.675,-1.35],[0,0]],"v":[[-71.866,-65.238],[-36.297,-39.674],[4.869,-30.066],[43.571,2.771],[70.556,51.076],[71.855,57.564],[71.289,60.821],[69.453,63.551],[64.718,65.218],[59.842,63.792],[52.477,56.71],[8.801,26.748],[-42.906,13.611],[-69.025,10.252]],"c":true}]},{"i":{"x":0.667,"y":1},"o":{"x":0.333,"y":0},"t":24.318,"s":[{"i":[[0,0],[-14.153,-4.485],[-11.668,-7.936],[-12.609,-11.598],[-11.609,-12.854],[0.011,-2.216],[0.39,-1.037],[0.829,-0.735],[1.712,0.019],[3.078,0.942],[6.687,2.269],[18.746,5.529],[22.828,6.7],[8.381,4.257]],"o":[[8.764,11.985],[13.452,4.263],[20.324,13.825],[16.358,15.047],[1.484,1.644],[-0.007,1.107],[-0.39,1.037],[-1.28,1.136],[-1.712,-0.019],[-4.71,-1.441],[-17.015,-5.774],[-19.137,-5.644],[-8.424,-2.473],[0,0]],"v":[[-71.866,-65.238],[-53.673,-36.014],[-2.583,-10.925],[37.471,19.543],[70.556,51.076],[71.855,57.564],[71.289,60.821],[69.453,63.551],[65.225,64.88],[58.943,63.526],[41.211,57.615],[2.02,45.272],[-49.067,30.039],[-69.025,10.252]],"c":true}]},{"i":{"x":0.667,"y":1},"o":{"x":0.333,"y":0},"t":56,"s":[{"i":[[0,0],[-14.153,-4.485],[-11.668,-7.936],[-12.609,-11.598],[-11.609,-12.854],[0.011,-2.216],[0.39,-1.037],[0.829,-0.735],[1.712,0.019],[3.078,0.942],[6.687,2.269],[18.746,5.529],[22.828,6.7],[8.381,4.257]],"o":[[8.764,11.985],[13.452,4.263],[20.324,13.825],[16.358,15.047],[1.484,1.644],[-0.007,1.107],[-0.39,1.037],[-1.28,1.136],[-1.712,-0.019],[-4.71,-1.441],[-17.015,-5.774],[-19.137,-5.644],[-8.424,-2.473],[0,0]],"v":[[-71.866,-65.238],[-53.673,-36.014],[-2.583,-10.925],[37.471,19.543],[70.556,51.076],[71.855,57.564],[71.289,60.821],[69.453,63.551],[65.225,64.88],[58.943,63.526],[41.211,57.615],[2.02,45.272],[-49.067,30.039],[-69.025,10.252]],"c":true}]},{"t":86.193359375,"s":[{"i":[[0,0],[-14.153,-4.485],[-13.132,-5.164],[-10.465,-13.564],[-5.715,-17.633],[0.011,-2.216],[0.39,-1.037],[0.829,-0.735],[1.712,0.019],[1.485,0.852],[2.235,2.594],[16.523,6.68],[17.611,2.74],[8.734,0.89]],"o":[[8.764,11.985],[13.452,4.263],[15.944,6.268],[11.323,14.676],[0.682,2.107],[-0.007,1.107],[-0.39,1.037],[-1.28,1.136],[-1.712,-0.019],[-2.971,-1.703],[-11.636,-13.5],[-16.524,-6.68],[-8.675,-1.35],[0,0]],"v":[[-71.866,-65.238],[-36.297,-39.674],[4.869,-30.066],[43.571,2.771],[70.556,51.076],[71.855,57.564],[71.289,60.821],[69.453,63.551],[64.718,65.218],[59.842,63.792],[52.477,56.71],[8.801,26.748],[-42.906,13.611],[-69.025,10.252]],"c":true}]}],"ix":2},"nm":"Path 1","mn":"ADBE Vector Shape - Group","hd":false},{"ty":"fl","c":{"a":0,"k":[0.902000038297,0.666999966491,0.490000017952,1],"ix":4},"o":{"a":0,"k":100,"ix":5},"r":1,"bm":0,"nm":"Fill 1","mn":"ADBE Vector Graphic - Fill","hd":false},{"ty":"tr","p":{"a":0,"k":[72.116,65.488],"ix":2},"a":{"a":0,"k":[0,0],"ix":1},"s":{"a":0,"k":[100,100],"ix":3},"r":{"a":0,"k":0,"ix":6},"o":{"a":0,"k":100,"ix":7},"sk":{"a":0,"k":0,"ix":4},"sa":{"a":0,"k":0,"ix":5},"nm":"Transform"}],"nm":"Group 1","np":2,"cix":2,"bm":0,"ix":1,"mn":"ADBE Vector Group","hd":false}],"ip":0,"op":776,"st":0,"bm":0},{"ddd":0,"ind":4,"ty":4,"nm":"arm","parent":5,"sr":1,"ks":{"o":{"a":0,"k":100,"ix":11},"r":{"a":1,"k":[{"i":{"x":[0.667],"y":[1]},"o":{"x":[0.333],"y":[0]},"t":0,"s":[-5.487]},{"i":{"x":[0.667],"y":[1]},"o":{"x":[0.333],"y":[0]},"t":24.318,"s":[-71.58]},{"i":{"x":[0.667],"y":[1]},"o":{"x":[0.333],"y":[0]},"t":56,"s":[-71.58]},{"t":86.193359375,"s":[-5.487]}],"ix":10},"p":{"a":0,"k":[194.708,154.572,0],"ix":2},"a":{"a":0,"k":[123.295,81.25,0],"ix":1},"s":{"a":0,"k":[100,100,100],"ix":6}},"ao":0,"shapes":[{"ty":"gr","it":[{"ind":0,"ty":"sh","ix":1,"ks":{"a":0,"k":{"i":[[4.824,-36.451],[26.973,-69.819],[9.841,-12.487],[15.744,-2.213],[10.62,6.402],[6.332,10.662],[2.962,24.624],[-32.341,84.491],[-15.497,16.053],[-22.312,0.196],[-13.942,-11.984],[-6.06,-17.357]],"o":[[-9.821,74.2],[-5.73,14.831],[-9.842,12.486],[-12.281,1.727],[-10.621,-6.402],[-12.663,-21.326],[-10.807,-89.822],[7.977,-20.839],[15.498,-16.052],[18.383,-0.162],[13.941,11.984],[12.121,34.713]],"v":[[100.777,-56.053],[48.058,161.67],[26.148,203.83],[-13.268,228.575],[-48.894,220.708],[-74.431,194.174],[-93.727,122.9],[-76.487,-145.209],[-42.654,-202.438],[16.354,-230.139],[66.733,-210.777],[96.707,-165.235]],"c":true},"ix":2},"nm":"Path 1","mn":"ADBE Vector Shape - Group","hd":false},{"ty":"fl","c":{"a":0,"k":[0.885999971278,0.885999971278,0.885999971278,1],"ix":4},"o":{"a":0,"k":100,"ix":5},"r":1,"bm":0,"nm":"Fill 1","mn":"ADBE Vector Graphic - Fill","hd":false},{"ty":"tr","p":{"a":0,"k":[109.078,230.551],"ix":2},"a":{"a":0,"k":[0,0],"ix":1},"s":{"a":0,"k":[100,100],"ix":3},"r":{"a":0,"k":0,"ix":6},"o":{"a":0,"k":100,"ix":7},"sk":{"a":0,"k":0,"ix":4},"sa":{"a":0,"k":0,"ix":5},"nm":"Transform"}],"nm":"Group 1","np":2,"cix":2,"bm":0,"ix":1,"mn":"ADBE Vector Group","hd":false}],"ip":0,"op":776,"st":0,"bm":0},{"ddd":0,"ind":5,"ty":4,"nm":"body","sr":1,"ks":{"o":{"a":0,"k":100,"ix":11},"r":{"a":1,"k":[{"i":{"x":[0.667],"y":[1]},"o":{"x":[0.333],"y":[0]},"t":0,"s":[0]},{"i":{"x":[0.667],"y":[1]},"o":{"x":[0.333],"y":[0]},"t":24.318,"s":[96.099]},{"i":{"x":[0.667],"y":[1]},"o":{"x":[0.333],"y":[0]},"t":56,"s":[96.099]},{"t":86.193359375,"s":[0]}],"ix":10},"p":{"a":1,"k":[{"i":{"x":0.667,"y":1},"o":{"x":0.333,"y":0},"t":0,"s":[468.899,1596.557,0],"to":[46,-77.333,0],"ti":[-46,77.333,0]},{"i":{"x":0.667,"y":0.667},"o":{"x":0.333,"y":0.333},"t":24.318,"s":[744.899,1132.557,0],"to":[0,0,0],"ti":[0,0,0]},{"i":{"x":0.667,"y":1},"o":{"x":0.333,"y":0},"t":56,"s":[744.899,1132.557,0],"to":[-46,77.333,0],"ti":[46,-77.333,0]},{"t":86.193359375,"s":[468.899,1596.557,0]}],"ix":2},"a":{"a":0,"k":[164.692,612.387,0],"ix":1},"s":{"a":0,"k":[160,160,100],"ix":6}},"ao":0,"shapes":[{"ty":"gr","it":[{"ind":0,"ty":"sh","ix":1,"ks":{"a":1,"k":[{"i":{"x":0.667,"y":1},"o":{"x":0.167,"y":0},"t":0,"s":[{"i":[[40.7,-9.809],[0,0],[-35.345,-19.933],[-12.334,-22.721],[-3.582,-25.603],[-4.789,-54.936],[36.642,62.902],[31.645,12.045]],"o":[[0,0],[37.228,-16.146],[22.518,12.7],[7.074,13.032],[10.728,76.678],[18.084,-92.127],[-36.088,-61.951],[-39.126,-14.893]],"v":[[-120.083,-164.17],[-127.367,-101.048],[-10.065,-94.925],[60.599,-36.764],[93.606,26.128],[101.627,178.369],[95.173,-52.602],[1.016,-145.805]],"c":true}]},{"i":{"x":0.667,"y":1},"o":{"x":0.333,"y":0},"t":24.318,"s":[{"i":[[40.7,-9.809],[0,0],[-35.345,-19.933],[-12.334,-22.721],[10.922,-23.432],[-0.874,-40.131],[-4.885,114.745],[31.645,12.045]],"o":[[0,0],[37.228,-16.146],[22.518,12.7],[7.074,13.032],[-33.644,72.181],[18.084,-92.127],[3.05,-71.631],[-39.126,-14.893]],"v":[[-120.083,-164.17],[-127.367,-101.048],[-10.065,-94.925],[60.599,-36.764],[41.732,31.764],[31.626,170.883],[93.925,-42.601],[1.016,-145.805]],"c":true}]},{"i":{"x":0.667,"y":1},"o":{"x":0.167,"y":0},"t":56,"s":[{"i":[[40.7,-9.809],[0,0],[-35.345,-19.933],[-12.334,-22.721],[10.922,-23.432],[-0.874,-40.131],[-4.885,114.745],[31.645,12.045]],"o":[[0,0],[37.228,-16.146],[22.518,12.7],[7.074,13.032],[-33.644,72.181],[18.084,-92.127],[3.05,-71.631],[-39.126,-14.893]],"v":[[-120.083,-164.17],[-127.367,-101.048],[-10.065,-94.925],[60.599,-36.764],[41.732,31.764],[31.626,170.883],[93.925,-42.601],[1.016,-145.805]],"c":true}]},{"i":{"x":0.667,"y":1},"o":{"x":0.167,"y":0},"t":86,"s":[{"i":[[40.7,-9.809],[0,0],[-35.345,-19.933],[-12.334,-22.721],[-3.582,-25.603],[-4.789,-54.936],[36.642,62.902],[31.645,12.045]],"o":[[0,0],[37.228,-16.146],[22.518,12.7],[7.074,13.032],[10.728,76.678],[18.084,-92.127],[-36.088,-61.951],[-39.126,-14.893]],"v":[[-120.083,-164.17],[-127.367,-101.048],[-10.065,-94.925],[60.599,-36.764],[85.481,27.692],[101.627,178.369],[95.173,-52.602],[1.016,-145.805]],"c":true}]},{"t":122,"s":[{"i":[[40.7,-9.809],[0,0],[-35.345,-19.933],[-12.334,-22.721],[-3.582,-25.603],[-4.789,-54.936],[36.642,62.902],[31.645,12.045]],"o":[[0,0],[37.228,-16.146],[22.518,12.7],[7.074,13.032],[10.728,76.678],[18.084,-92.127],[-36.088,-61.951],[-39.126,-14.893]],"v":[[-120.083,-164.17],[-127.367,-101.048],[-10.065,-94.925],[60.599,-36.764],[78.606,29.253],[101.627,178.369],[95.173,-52.602],[1.016,-145.805]],"c":true}]}],"ix":2},"nm":"Path 1","mn":"ADBE Vector Shape - Group","hd":false},{"ty":"fl","c":{"a":0,"k":[0.426999978458,0.497999991623,0.286000001197,1],"ix":4},"o":{"a":0,"k":100,"ix":5},"r":1,"bm":0,"nm":"Fill 1","mn":"ADBE Vector Graphic - Fill","hd":false},{"ty":"tr","p":{"a":0,"k":[248.457,174.228],"ix":2},"a":{"a":0,"k":[0,0],"ix":1},"s":{"a":0,"k":[100,100],"ix":3},"r":{"a":0,"k":0,"ix":6},"o":{"a":0,"k":100,"ix":7},"sk":{"a":0,"k":0,"ix":4},"sa":{"a":0,"k":0,"ix":5},"nm":"Transform"}],"nm":"Group 1","np":2,"cix":2,"bm":0,"ix":1,"mn":"ADBE Vector Group","hd":false},{"ty":"gr","it":[{"ind":0,"ty":"sh","ix":1,"ks":{"a":1,"k":[{"i":{"x":0.667,"y":1},"o":{"x":0.333,"y":0},"t":0,"s":[{"i":[[16.946,-48.603],[-35.587,-147.149],[-40.405,18.4],[-11.485,11.783],[-12.031,30.629],[20.743,131.473],[104.62,38.821],[0.053,-0.043]],"o":[[-51.015,146.317],[14.235,58.86],[14.918,-6.942],[22.968,-23.565],[48.661,-123.885],[-52.457,-85.426],[-0.053,0.042],[-45.287,31.182]],"v":[[-128.696,-208.002],[-100.869,265.367],[39.16,309.864],[78.943,281.101],[129.103,196.844],[158.968,-196.608],[-25.306,-328.263],[-25.466,-322.844]],"c":true}]},{"i":{"x":0.667,"y":1},"o":{"x":0.333,"y":0},"t":24.318,"s":[{"i":[[32.63,-39.808],[-138.151,-82.133],[-84.459,0.504],[-8.323,14.194],[15.622,28.963],[-54.69,177.344],[104.62,38.821],[0.053,-0.043]],"o":[[-139.26,169.896],[52.053,30.946],[14.918,-6.942],[27.84,-47.481],[-62.519,-115.911],[14.981,-58.895],[-0.053,0.042],[-45.287,31.182]],"v":[[-156.631,-216.489],[-49.79,309.057],[81.36,298.912],[152.54,222.795],[152.366,126.316],[141.223,-215.612],[-28.164,-325.601],[-28.324,-320.181]],"c":true}]},{"i":{"x":0.667,"y":1},"o":{"x":0.333,"y":0},"t":56,"s":[{"i":[[32.63,-39.808],[-138.151,-82.133],[-84.459,0.504],[-8.323,14.194],[15.622,28.963],[-54.69,177.344],[104.62,38.821],[0.053,-0.043]],"o":[[-139.26,169.896],[52.053,30.946],[14.918,-6.942],[27.84,-47.481],[-62.519,-115.911],[14.981,-58.895],[-0.053,0.042],[-45.287,31.182]],"v":[[-156.631,-216.489],[-49.79,309.057],[81.36,298.912],[152.54,222.795],[152.366,126.316],[141.223,-215.612],[-28.164,-325.601],[-28.324,-320.181]],"c":true}]},{"i":{"x":0.667,"y":1},"o":{"x":0.333,"y":0},"t":86,"s":[{"i":[[16.946,-48.603],[-35.587,-147.149],[-40.405,18.4],[-11.485,11.783],[-12.031,30.629],[20.743,131.473],[104.62,38.821],[0.053,-0.043]],"o":[[-51.015,146.317],[14.235,58.86],[14.918,-6.942],[22.968,-23.565],[48.661,-123.885],[-52.457,-85.426],[-0.053,0.042],[-45.287,31.182]],"v":[[-128.696,-208.002],[-100.869,265.367],[39.16,309.864],[78.943,281.101],[129.103,196.844],[158.968,-196.608],[-25.306,-328.263],[-25.466,-322.844]],"c":true}]},{"t":121.7158203125,"s":[{"i":[[16.946,-48.603],[-35.587,-147.149],[-40.405,18.4],[-11.485,11.783],[-12.031,30.629],[20.743,131.473],[104.62,38.821],[0.053,-0.043]],"o":[[-51.015,146.317],[14.235,58.86],[14.918,-6.942],[22.968,-23.565],[48.661,-123.885],[-52.457,-85.426],[-0.053,0.042],[-45.287,31.182]],"v":[[-128.696,-208.002],[-100.869,265.367],[39.16,309.864],[78.943,281.101],[129.103,196.844],[158.968,-196.608],[-25.306,-328.263],[-25.466,-322.844]],"c":true}]}],"ix":2},"nm":"Path 1","mn":"ADBE Vector Shape - Group","hd":false},{"ty":"fl","c":{"a":0,"k":[0.426999978458,0.497999991623,0.286000001197,1],"ix":4},"o":{"a":0,"k":100,"ix":5},"r":1,"bm":0,"nm":"Fill 1","mn":"ADBE Vector Graphic - Fill","hd":false},{"ty":"tr","p":{"a":0,"k":[179.961,371.321],"ix":2},"a":{"a":0,"k":[0,0],"ix":1},"s":{"a":0,"k":[100,100],"ix":3},"r":{"a":0,"k":0,"ix":6},"o":{"a":0,"k":100,"ix":7},"sk":{"a":0,"k":0,"ix":4},"sa":{"a":0,"k":0,"ix":5},"nm":"Transform"}],"nm":"Group 2","np":2,"cix":2,"bm":0,"ix":2,"mn":"ADBE Vector Group","hd":false}],"ip":0,"op":776,"st":0,"bm":0},{"ddd":0,"ind":6,"ty":4,"nm":"hip","sr":1,"ks":{"o":{"a":0,"k":100,"ix":11},"r":{"a":1,"k":[{"i":{"x":[0.667],"y":[1]},"o":{"x":[0.333],"y":[0]},"t":0,"s":[-0.663]},{"i":{"x":[0.667],"y":[1]},"o":{"x":[0.333],"y":[0]},"t":24.318,"s":[33.017]},{"i":{"x":[0.667],"y":[1]},"o":{"x":[0.333],"y":[0]},"t":56,"s":[33.017]},{"t":86.193359375,"s":[-0.663]}],"ix":10},"p":{"a":0,"k":[1217.844,1808.302,0],"ix":2},"a":{"a":0,"k":[554.8,290.807,0],"ix":1},"s":{"a":0,"k":[160,160,100],"ix":6}},"ao":0,"shapes":[{"ty":"gr","it":[{"ind":0,"ty":"sh","ix":1,"ks":{"a":1,"k":[{"i":{"x":0.667,"y":1},"o":{"x":0.333,"y":0},"t":0,"s":[{"i":[[-31.335,-15.986],[-21.477,-33.228],[-3.51,-16.77],[9.624,-14.176],[35.811,13.725],[38.482,2.091],[17.715,29.074],[-26.853,1.3]],"o":[[46.194,23.567],[9.299,14.39],[3.511,16.769],[-23.241,34.233],[-261.675,-89.506],[-31.429,-1.709],[-22.604,-37.097],[136.43,-6.603]],"v":[[194.781,-19.191],[282.38,46.501],[302.97,93.279],[297.938,143.492],[177.11,152.37],[-213.203,102.245],[-291.643,45.744],[-286.859,-97.864]],"c":true}]},{"i":{"x":0.667,"y":1},"o":{"x":0.333,"y":0},"t":12.159,"s":[{"i":[[-31.91,-19.285],[-21.477,-33.228],[-3.51,-16.77],[9.495,-14.262],[43.372,10.28],[43.094,8.32],[17.422,30.699],[-19.526,23.771]],"o":[[39.34,23.076],[9.299,14.39],[3.511,16.769],[-16.751,24.976],[-262.002,-48.375],[-40.685,-8.469],[-35.147,-60.19],[19.999,-21.336]],"v":[[196.757,-27.918],[282.38,46.501],[302.97,93.279],[297.938,143.492],[177.11,152.37],[-172.384,102.543],[-261.98,37.828],[-271.939,-126.23]],"c":true}]},{"i":{"x":0.667,"y":1},"o":{"x":0.333,"y":0},"t":17.022,"s":[{"i":[[-32.14,-20.605],[-21.477,-33.228],[-3.51,-16.77],[9.443,-14.297],[46.397,8.902],[44.939,10.811],[21.658,43.706],[-16.596,32.76]],"o":[[36.599,22.88],[9.299,14.39],[3.511,16.769],[-14.155,21.273],[-262.132,-31.923],[-44.388,-11.173],[-29.668,-64.878],[13.891,-19.971]],"v":[[197.548,-31.409],[282.38,46.501],[302.97,93.279],[297.938,143.492],[177.11,152.37],[-199.486,122.55],[-289.259,44.194],[-273.212,-122.457]],"c":true}]},{"i":{"x":0.667,"y":1},"o":{"x":0.333,"y":0},"t":24.318,"s":[{"i":[[-32.485,-22.584],[-21.477,-33.228],[-3.51,-16.77],[9.365,-14.348],[50.933,6.835],[47.707,14.548],[17.128,32.324],[-35.756,59.315]],"o":[[32.486,22.585],[9.299,14.39],[3.511,16.769],[-10.26,15.719],[-262.328,-7.245],[-49.942,-15.229],[-13.228,-24.963],[9.57,-15.875]],"v":[[198.733,-36.646],[282.38,46.501],[302.97,93.279],[297.938,143.492],[177.11,152.37],[-193.607,131.252],[-302.36,50.472],[-303.673,-100.064]],"c":true}]},{"i":{"x":0.667,"y":1},"o":{"x":0.333,"y":0},"t":56,"s":[{"i":[[-32.485,-22.584],[-21.477,-33.228],[-3.51,-16.77],[9.365,-14.348],[50.933,6.835],[47.707,14.548],[17.128,32.324],[-35.756,59.315]],"o":[[32.486,22.585],[9.299,14.39],[3.511,16.769],[-10.26,15.719],[-262.328,-7.245],[-49.942,-15.229],[-13.228,-24.963],[9.57,-15.875]],"v":[[198.733,-36.646],[282.38,46.501],[302.97,93.279],[297.938,143.492],[177.11,152.37],[-193.607,131.252],[-302.36,50.472],[-303.673,-100.064]],"c":true}]},{"i":{"x":0.667,"y":1},"o":{"x":0.333,"y":0},"t":66.655,"s":[{"i":[[-32.14,-20.605],[-21.477,-33.228],[-3.51,-16.77],[9.443,-14.297],[46.397,8.902],[44.939,10.811],[21.658,43.706],[-16.596,32.76]],"o":[[36.599,22.88],[9.299,14.39],[3.511,16.769],[-14.155,21.273],[-262.132,-31.923],[-44.388,-11.173],[-29.668,-64.878],[13.891,-19.971]],"v":[[197.548,-31.409],[282.38,46.501],[302.97,93.279],[297.938,143.492],[177.11,152.37],[-199.486,122.55],[-289.259,44.194],[-273.212,-122.457]],"c":true}]},{"i":{"x":0.667,"y":1},"o":{"x":0.333,"y":0},"t":73.761,"s":[{"i":[[-31.91,-19.285],[-21.477,-33.228],[-3.51,-16.77],[9.495,-14.262],[43.372,10.28],[43.094,8.32],[17.422,30.699],[-19.526,23.771]],"o":[[39.34,23.076],[9.299,14.39],[3.511,16.769],[-16.751,24.976],[-262.002,-48.375],[-40.685,-8.469],[-35.147,-60.19],[19.999,-21.336]],"v":[[196.757,-27.918],[282.38,46.501],[302.97,93.279],[297.938,143.492],[177.11,152.37],[-203.405,116.749],[-289.94,44.637],[-271.939,-126.23]],"c":true}]},{"i":{"x":0.667,"y":1},"o":{"x":0.333,"y":0},"t":86.193,"s":[{"i":[[-31.335,-15.986],[-21.477,-33.228],[-3.51,-16.77],[9.624,-14.176],[35.811,13.725],[38.482,2.091],[17.715,29.074],[-26.853,1.3]],"o":[[46.194,23.567],[9.299,14.39],[3.511,16.769],[-23.241,34.233],[-261.675,-89.506],[-31.429,-1.709],[-22.604,-37.097],[136.43,-6.603]],"v":[[194.781,-19.191],[282.38,46.501],[302.97,93.279],[297.938,143.492],[177.11,152.37],[-213.203,102.245],[-291.643,45.744],[-286.859,-97.864]],"c":true}]},{"t":121.7158203125,"s":[{"i":[[-31.335,-15.986],[-21.477,-33.228],[-3.51,-16.77],[9.624,-14.176],[35.811,13.725],[38.482,2.091],[17.715,29.074],[-26.853,1.3]],"o":[[46.194,23.567],[9.299,14.39],[3.511,16.769],[-23.241,34.233],[-261.675,-89.506],[-31.429,-1.709],[-22.604,-37.097],[136.43,-6.603]],"v":[[194.781,-19.191],[282.38,46.501],[302.97,93.279],[297.938,143.492],[177.11,152.37],[-213.203,102.245],[-291.643,45.744],[-286.859,-97.864]],"c":true}]}],"ix":2},"nm":"Path 1","mn":"ADBE Vector Shape - Group","hd":false},{"ty":"fl","c":{"a":0,"k":[0.426999978458,0.497999991623,0.286000001197,1],"ix":4},"o":{"a":0,"k":100,"ix":5},"r":1,"bm":0,"nm":"Fill 1","mn":"ADBE Vector Graphic - Fill","hd":false},{"ty":"tr","p":{"a":0,"k":[307.813,177.975],"ix":2},"a":{"a":0,"k":[0,0],"ix":1},"s":{"a":0,"k":[100,100],"ix":3},"r":{"a":0,"k":0,"ix":6},"o":{"a":0,"k":100,"ix":7},"sk":{"a":0,"k":0,"ix":4},"sa":{"a":0,"k":0,"ix":5},"nm":"Transform"}],"nm":"Group 1","np":2,"cix":2,"bm":0,"ix":1,"mn":"ADBE Vector Group","hd":false}],"ip":0,"op":776,"st":0,"bm":0},{"ddd":0,"ind":7,"ty":4,"nm":"shin","sr":1,"ks":{"o":{"a":0,"k":100,"ix":11},"r":{"a":0,"k":0,"ix":10},"p":{"a":0,"k":[1200.044,1814.26,0],"ix":2},"a":{"a":0,"k":[411.92,101.888,0],"ix":1},"s":{"a":0,"k":[160,160,100],"ix":6}},"ao":0,"shapes":[{"ty":"gr","it":[{"ind":0,"ty":"sh","ix":1,"ks":{"a":0,"k":{"i":[[0,0],[0,0],[-12.595,-38.744],[0.659,-10.101],[5.543,-8.411],[8.757,-4.978],[9.953,-1.547],[10.073,-0.034],[0,0]],"o":[[0,0],[38.33,13.804],[3.13,9.627],[-0.657,10.052],[-5.542,8.412],[-8.756,4.979],[-9.953,1.547],[0,0],[0,0]],"v":[[-240.688,-12.706],[153.366,-87.888],[235.513,-3.123],[240.029,26.721],[230.45,55.026],[208.478,75.362],[179.98,84.897],[149.84,86.578],[-239.629,87.888]],"c":true},"ix":2},"nm":"Path 1","mn":"ADBE Vector Shape - Group","hd":false},{"ty":"fl","c":{"a":0,"k":[0.426999978458,0.497999991623,0.286000001197,1],"ix":4},"o":{"a":0,"k":100,"ix":5},"r":1,"bm":0,"nm":"Fill 1","mn":"ADBE Vector Graphic - Fill","hd":false},{"ty":"tr","p":{"a":0,"k":[240.938,88.138],"ix":2},"a":{"a":0,"k":[0,0],"ix":1},"s":{"a":0,"k":[100,100],"ix":3},"r":{"a":0,"k":0,"ix":6},"o":{"a":0,"k":100,"ix":7},"sk":{"a":0,"k":0,"ix":4},"sa":{"a":0,"k":0,"ix":5},"nm":"Transform"}],"nm":"Group 1","np":2,"cix":2,"bm":0,"ix":1,"mn":"ADBE Vector Group","hd":false}],"ip":0,"op":776,"st":0,"bm":0},{"ddd":0,"ind":8,"ty":4,"nm":"foot","parent":7,"sr":1,"ks":{"o":{"a":0,"k":100,"ix":11},"r":{"a":0,"k":0,"ix":10},"p":{"a":0,"k":[-87.772,130.852,0],"ix":2},"a":{"a":0,"k":[105.627,45.924,0],"ix":1},"s":{"a":0,"k":[100,100,100],"ix":6}},"ao":0,"shapes":[{"ty":"gr","it":[{"ind":0,"ty":"sh","ix":1,"ks":{"a":0,"k":{"i":[[0,0],[0,0],[0,0],[-1.311,4.292],[-2.45,1.703],[-2.608,0.406],[-4.002,-0.112],[-8.116,4.275],[-15.759,-0.808],[-12.707,1.415],[-13.701,3.047],[-11.688,-12.461]],"o":[[0,0],[0,0],[-1.069,-4.515],[1.286,-4.211],[2.45,-1.702],[3.99,-0.622],[6.65,-9.599],[15.161,-7.987],[12.725,0.654],[9.832,-17.886],[13.398,-2.98],[0,0]],"v":[[105.197,-26.877],[104.029,44.368],[-104.128,44.592],[-103.737,30.349],[-97.722,21.489],[-90.032,18.805],[-78.034,18.04],[-55.606,-3.032],[-8.59,-7.885],[29.584,-9.028],[66.215,-41.612],[105.197,-26.878]],"c":true},"ix":2},"nm":"Path 1","mn":"ADBE Vector Shape - Group","hd":false},{"ty":"fl","c":{"a":0,"k":[0.902000038297,0.666999966491,0.490000017952,1],"ix":4},"o":{"a":0,"k":100,"ix":5},"r":1,"bm":0,"nm":"Fill 1","mn":"ADBE Vector Graphic - Fill","hd":false},{"ty":"tr","p":{"a":0,"k":[105.447,44.842],"ix":2},"a":{"a":0,"k":[0,0],"ix":1},"s":{"a":0,"k":[100,100],"ix":3},"r":{"a":0,"k":0,"ix":6},"o":{"a":0,"k":100,"ix":7},"sk":{"a":0,"k":0,"ix":4},"sa":{"a":0,"k":0,"ix":5},"nm":"Transform"}],"nm":"Group 1","np":2,"cix":2,"bm":0,"ix":1,"mn":"ADBE Vector Group","hd":false}],"ip":0,"op":776,"st":0,"bm":0},{"ddd":0,"ind":9,"ty":4,"nm":"head","parent":5,"sr":1,"ks":{"o":{"a":0,"k":100,"ix":11},"r":{"a":0,"k":-8.311,"ix":10},"p":{"a":0,"k":[201.127,70.279,0],"ix":2},"a":{"a":0,"k":[46.977,314.266,0],"ix":1},"s":{"a":0,"k":[100,100,100],"ix":6}},"ao":0,"shapes":[{"ty":"gr","it":[{"ind":0,"ty":"sh","ix":1,"ks":{"a":0,"k":{"i":[[0,0],[-1.259,-9.179],[0.468,-3.705],[0.837,-1.669],[1.51,-1.099],[2.941,0.789],[1.236,2.784],[0,0],[0,0]],"o":[[0.921,9.218],[0.508,3.699],[-0.235,1.852],[-0.836,1.67],[-2.462,1.792],[-2.942,-0.788],[0,0],[0,0],[0,0]],"v":[[22.298,-25.391],[25.57,2.207],[26.146,13.361],[24.586,18.713],[21.048,22.988],[12.36,24.602],[5.643,18.859],[-3.533,21.96],[-26.614,4.489]],"c":true},"ix":2},"nm":"Path 1","mn":"ADBE Vector Shape - Group","hd":false},{"ty":"fl","c":{"a":0,"k":[0.902000038297,0.666999966491,0.490000017952,1],"ix":4},"o":{"a":0,"k":100,"ix":5},"r":1,"bm":0,"nm":"Fill 1","mn":"ADBE Vector Graphic - Fill","hd":false},{"ty":"tr","p":{"a":0,"k":[177.379,160.002],"ix":2},"a":{"a":0,"k":[0,0],"ix":1},"s":{"a":0,"k":[100,100],"ix":3},"r":{"a":0,"k":0,"ix":6},"o":{"a":0,"k":100,"ix":7},"sk":{"a":0,"k":0,"ix":4},"sa":{"a":0,"k":0,"ix":5},"nm":"Transform"}],"nm":"Group 1","np":2,"cix":2,"bm":0,"ix":1,"mn":"ADBE Vector Group","hd":false},{"ty":"gr","it":[{"ind":0,"ty":"sh","ix":1,"ks":{"a":0,"k":{"i":[[0,0],[-3.46,-24.849],[-2.532,-5.139],[-2.098,-1.951],[-2.777,-0.706],[-4.148,2.034],[-3.421,3.106],[-3.826,2.591],[-4.619,0.14],[-1.076,-0.165],[-0.28,-3.235],[1.456,-2.902],[5.434,-0.929],[3.358,-9.45],[9.543,-3.081],[6.762,0.553],[17.656,12.403],[0,0],[0,0]],"o":[[-1.719,25.03],[0.79,5.676],[1.267,2.57],[2.098,1.95],[4.478,1.138],[4.148,-2.033],[3.42,-3.105],[3.825,-2.59],[1.087,-0.032],[1.934,2.609],[0.281,3.236],[-2.472,4.927],[5.46,8.412],[-3.358,9.449],[-6.457,2.084],[-21.507,-1.756],[0,0],[0,0],[0,0]],"v":[[-6.621,-79.204],[-3.999,-4.116],[0.278,12.454],[5.304,19.369],[12.726,23.524],[26.169,21.641],[37.316,13.483],[47.893,4.546],[60.748,-0.119],[64.001,0.081],[67.409,9.076],[65.599,18.522],[52.79,28.011],[56.183,56.853],[35.35,77.087],[15.191,78.65],[-44.973,56.897],[-67.69,-10.051],[-23.527,-76.122]],"c":true},"ix":2},"nm":"Path 1","mn":"ADBE Vector Shape - Group","hd":false},{"ty":"fl","c":{"a":0,"k":[0.258999992819,0.258999992819,0.258999992819,1],"ix":4},"o":{"a":0,"k":100,"ix":5},"r":1,"bm":0,"nm":"Fill 1","mn":"ADBE Vector Graphic - Fill","hd":false},{"ty":"tr","p":{"a":0,"k":[125.498,184.455],"ix":2},"a":{"a":0,"k":[0,0],"ix":1},"s":{"a":0,"k":[100,100],"ix":3},"r":{"a":0,"k":0,"ix":6},"o":{"a":0,"k":100,"ix":7},"sk":{"a":0,"k":0,"ix":4},"sa":{"a":0,"k":0,"ix":5},"nm":"Transform"}],"nm":"Group 2","np":2,"cix":2,"bm":0,"ix":2,"mn":"ADBE Vector Group","hd":false},{"ty":"gr","it":[{"ind":0,"ty":"sh","ix":1,"ks":{"a":0,"k":{"i":[[58.181,2.433],[2.432,-58.181],[-29.414,-20.601],[-31.437,-1.337],[-4.026,78.558]],"o":[[-58.181,-2.433],[-1.456,35.881],[12.441,35.956],[50.42,2.109],[2.433,-58.181]],"v":[[9.647,-126.075],[-100.104,-25.133],[-55.24,65.503],[16.407,126.398],[99.127,-16.802]],"c":true},"ix":2},"nm":"Path 1","mn":"ADBE Vector Shape - Group","hd":false},{"ty":"fl","c":{"a":0,"k":[0.902000038297,0.666999966491,0.490000017952,1],"ix":4},"o":{"a":0,"k":100,"ix":5},"r":1,"bm":0,"nm":"Fill 1","mn":"ADBE Vector Graphic - Fill","hd":false},{"ty":"tr","p":{"a":0,"k":[102.425,128.758],"ix":2},"a":{"a":0,"k":[0,0],"ix":1},"s":{"a":0,"k":[100,100],"ix":3},"r":{"a":0,"k":0,"ix":6},"o":{"a":0,"k":100,"ix":7},"sk":{"a":0,"k":0,"ix":4},"sa":{"a":0,"k":0,"ix":5},"nm":"Transform"}],"nm":"Group 3","np":2,"cix":2,"bm":0,"ix":3,"mn":"ADBE Vector Group","hd":false},{"ty":"gr","it":[{"ind":0,"ty":"sh","ix":1,"ks":{"a":0,"k":{"i":[[13.058,53.778],[0,0],[0,0],[0,0]],"o":[[0,0],[0,0],[0,0],[25.957,-95.812]],"v":[[-43.033,-109.368],[34.453,-97.53],[58.046,109.368],[-58.046,104.512]],"c":true},"ix":2},"nm":"Path 1","mn":"ADBE Vector Shape - Group","hd":false},{"ty":"fl","c":{"a":0,"k":[0.902000038297,0.666999966491,0.490000017952,1],"ix":4},"o":{"a":0,"k":100,"ix":5},"r":1,"bm":0,"nm":"Fill 1","mn":"ADBE Vector Graphic - Fill","hd":false},{"ty":"tr","p":{"a":0,"k":[58.296,214.074],"ix":2},"a":{"a":0,"k":[0,0],"ix":1},"s":{"a":0,"k":[100,100],"ix":3},"r":{"a":0,"k":0,"ix":6},"o":{"a":0,"k":100,"ix":7},"sk":{"a":0,"k":0,"ix":4},"sa":{"a":0,"k":0,"ix":5},"nm":"Transform"}],"nm":"Group 4","np":2,"cix":2,"bm":0,"ix":4,"mn":"ADBE Vector Group","hd":false}],"ip":0,"op":776,"st":0,"bm":0}],"markers":[]}